2013-01-01 00:00:00,143980866.275
2013-01-02 00:00:00,142323745
2013-01-03 00:00:00,143057356.20000002
2013-01-04 00:00:00,143379674.982
2013-01-05 00:00:00,144048093.9
2013-01-06 00:00:00,143904635.39025
2013-01-07 00:00:00,144014430.25
2013-01-08 00:00:00,147203062.5
2013-01-09 00:00:00,147781535.058
2013-01-10 00:00:00,152518740
2013-01-11 00:00:00,152348875.96225
2013-01-12 00:00:00,152924255.9325
2013-01-13 00:00:00,152592905.04
2013-01-14 00:00:00,152490195
2013-01-15 00:00:00,154444852.50675
2013-01-16 00:00:00,156730161.1
2013-01-17 00:00:00,164257085.25
2013-01-18 00:00:00,170657458.5
2013-01-19 00:00:00,169197726.06
2013-01-20 00:00:00,169751678.25
2013-01-21 00:00:00,181458043.5
2013-01-22 00:00:00,188033142.25
2013-01-23 00:00:00,188080306.3125
2013-01-24 00:00:00,205271964.78175002
2013-01-25 00:00:00,201538010.44000003
2013-01-26 00:00:00,188597440.00300002
2013-01-27 00:00:00,192741192.9215
2013-01-28 00:00:00,197628097.5
2013-01-29 00:00:00,212168880
2013-01-30 00:00:00,211168732.5
2013-01-31 00:00:00,229814784.25
2013-02-01 00:00:00,228502140
2013-02-02 00:00:00,226441507.50000003
2013-02-03 00:00:00,222019446
2013-02-04 00:00:00,226084367.5
2013-02-05 00:00:00,223381273.5
2013-02-06 00:00:00,229307424.15
2013-02-07 00:00:00,238161229.99999997
2013-02-08 00:00:00,238245399.99999997
2013-02-09 00:00:00,254997457.218
2013-02-10 00:00:00,254175531.83
2013-02-11 00:00:00,260524441.36249998
2013-02-12 00:00:00,277569635.3685
2013-02-13 00:00:00,281226739.75025
2013-02-14 00:00:00,285978776.49899995
2013-02-15 00:00:00,291142825.8555
2013-02-16 00:00:00,292037544.938
2013-02-17 00:00:00,276386540.655
2013-02-18 00:00:00,289525221.09375
2013-02-19 00:00:00,310961401.73974997
2013-02-20 00:00:00,322132443.8585
2013-02-21 00:00:00,322147492.233
2013-02-22 00:00:00,334172684.3
2013-02-23 00:00:00,316761071.63299996
2013-02-24 00:00:00,327896100.9365
2013-02-25 00:00:00,327526689.52325
2013-02-26 00:00:00,337705984.8
2013-02-27 00:00:00,340278648.65775
2013-02-28 00:00:00,363158533.40550005
2013-03-01 00:00:00,378234362.55499995
2013-03-02 00:00:00,370801863.59999996
2013-03-03 00:00:00,370055664.64350003
2013-03-04 00:00:00,394631048.75
2013-03-05 00:00:00,434841407
2013-03-06 00:00:00,516050687.5
2013-03-07 00:00:00,461811834.59775
2013-03-08 00:00:00,467264591.49999994
2013-03-09 00:00:00,500413490.28599995
2013-03-10 00:00:00,505945575
2013-03-11 00:00:00,519656182.44
2013-03-12 00:00:00,490159579.1365
2013-03-13 00:00:00,509745491.08
2013-03-14 00:00:00,515147644.87125
2013-03-15 00:00:00,515066888.79375005
2013-03-16 00:00:00,513747505.25
2013-03-17 00:00:00,517607733.66499996
2013-03-18 00:00:00,520091411.25
2013-03-19 00:00:00,630724760
2013-03-20 00:00:00,692714184.18975
2013-03-21 00:00:00,806634000
2013-03-22 00:00:00,781897187.5
2013-03-23 00:00:00,689275125
2013-03-24 00:00:00,767335629.9999999
2013-03-25 00:00:00,809051214.606
2013-03-26 00:00:00,854380800
2013-03-27 00:00:00,974055075.0000001
2013-03-28 00:00:00,1025609049.18725
2013-03-29 00:00:00,976502263.75
2013-03-30 00:00:00,998263065.30075
2013-03-31 00:00:00,1015081234.7385
2013-04-01 00:00:00,1125488152.793
2013-04-02 00:00:00,1194254982.75
2013-04-03 00:00:00,1525041868.75
2013-04-04 00:00:00,1450949397.95375
2013-04-05 00:00:00,1581185255.0000002
2013-04-06 00:00:00,1567463462.67625
2013-04-07 00:00:00,1761733096.3075001
2013-04-08 00:00:00,2025508800
2013-04-09 00:00:00,2620841076
2013-04-10 00:00:00,2181366000
2013-04-11 00:00:00,1360014540.678
2013-04-12 00:00:00,843312707.4
2013-04-13 00:00:00,1207719189.7059999
2013-04-14 00:00:00,1004046225
2013-04-15 00:00:00,1004410225
2013-04-16 00:00:00,1004826550
2013-04-17 00:00:00,945556749.53775
2013-04-18 00:00:00,1066353950
2013-04-19 00:00:00,1322210698.5
2013-04-20 00:00:00,1369526213
2013-04-21 00:00:00,1382675000
2013-04-22 00:00:00,1366749056.75
2013-04-23 00:00:00,1506338312.73075
2013-04-24 00:00:00,1696508264.0219998
2013-04-25 00:00:00,1674073468.77775
2013-04-26 00:00:00,1502740452.075
2013-04-27 00:00:00,1419014510.8605
2013-04-28 00:00:00,1508159586.84775
2013-04-29 00:00:00,1569907346.895
2013-04-30 00:00:00,1543897758.775
2013-05-01 00:00:00,1379976379.6000001
2013-05-02 00:00:00,1166088333.168
2013-05-03 00:00:00,1034828966.2500001
2013-05-04 00:00:00,1244556534.99375
2013-05-05 00:00:00,1310580293.91975
2013-05-06 00:00:00,1345090886.2895
2013-05-07 00:00:00,1188309314.5
2013-05-08 00:00:00,1268209485.0452502
2013-05-09 00:00:00,1219822578.8595
2013-05-10 00:00:00,1310702188
2013-05-11 00:00:00,1285812765
2013-05-12 00:00:00,1274287886
2013-05-13 00:00:00,1310296293.0015
2013-05-14 00:00:00,1327427150
2013-05-15 00:00:00,1283062885.5397499
2013-05-16 00:00:00,1284654522.416
2013-05-17 00:00:00,1390077125.75
2013-05-18 00:00:00,1382268379.0075
2013-05-19 00:00:00,1352646555.836
2013-05-20 00:00:00,1370877559.2714999
2013-05-21 00:00:00,1369657187.5
2013-05-22 00:00:00,1371731466
2013-05-23 00:00:00,1406127913.5
2013-05-24 00:00:00,1471892650
2013-05-25 00:00:00,1485783006
2013-05-26 00:00:00,1501517528.98925
2013-05-27 00:00:00,1485990856.07825
2013-05-28 00:00:00,1438449537.775
2013-05-29 00:00:00,1457591797.6615
2013-05-30 00:00:00,1469538093.198
2013-05-31 00:00:00,1429125799.4520001
2013-06-01 00:00:00,1450625584.71
2013-06-02 00:00:00,1354720652.397
2013-06-03 00:00:00,1348575224.7625
2013-06-04 00:00:00,1355575833.57625
2013-06-05 00:00:00,1376864586.9675
2013-06-06 00:00:00,1358109258.6925
2013-06-07 00:00:00,1241579898.069
2013-06-08 00:00:00,1213946580
2013-06-09 00:00:00,1109296698.62375
2013-06-10 00:00:00,1182971489.78525
2013-06-11 00:00:00,1217610900
2013-06-12 00:00:00,1219978239.1417499
2013-06-13 00:00:00,1229956000
2013-06-14 00:00:00,1128830000
2013-06-15 00:00:00,1151516393.1460001
2013-06-16 00:00:00,1129737500
2013-06-17 00:00:00,1136058016.38225
2013-06-18 00:00:00,1214030413.20125
2013-06-19 00:00:00,1219398180
2013-06-20 00:00:00,1266565450.5
2013-06-21 00:00:00,1256073225
2013-06-22 00:00:00,1234928799.75
2013-06-23 00:00:00,1219485056.98575
2013-06-24 00:00:00,1155134402.4199998
2013-06-25 00:00:00,1177011684.4675
2013-06-26 00:00:00,1183612922.21375
2013-06-27 00:00:00,1165723515.1582499
2013-06-28 00:00:00,1096326263.9745
2013-06-29 00:00:00,1087840603.1405
2013-06-30 00:00:00,1095578975
2013-07-01 00:00:00,1033462011.0500001
2013-07-02 00:00:00,1017368595
2013-07-03 00:00:00,941044770
2013-07-04 00:00:00,907288095
2013-07-05 00:00:00,771818503.638
2013-07-06 00:00:00,789064090.4729999
2013-07-07 00:00:00,807555842.15
2013-07-08 00:00:00,884162379
2013-07-09 00:00:00,869603878.63
2013-07-10 00:00:00,895700331.00225
2013-07-11 00:00:00,993690836.2500001
2013-07-12 00:00:00,1115526360
2013-07-13 00:00:00,1095300550.125
2013-07-14 00:00:00,1081481237.5
2013-07-15 00:00:00,1123279548.807
2013-07-16 00:00:00,1108089449.25
2013-07-17 00:00:00,1119468900.5
2013-07-18 00:00:00,1033357994.3095
2013-07-19 00:00:00,1068169073.5935
2013-07-20 00:00:00,1051064818.375
2013-07-21 00:00:00,1017893727.05275
2013-07-22 00:00:00,1050901464.3
2013-07-23 00:00:00,1092556078.6
2013-07-24 00:00:00,1072594584.72
2013-07-25 00:00:00,1102464025
2013-07-26 00:00:00,1105124840.98125
2013-07-27 00:00:00,1091873110.707
2013-07-28 00:00:00,1135839489.73125
2013-07-29 00:00:00,1159687050.0955
2013-07-30 00:00:00,1170005380.362
2013-07-31 00:00:00,1205611283.40625
2013-08-01 00:00:00,1197299385
2013-08-02 00:00:00,1212854375
2013-08-03 00:00:00,1193775370.00725
2013-08-04 00:00:00,1204281157.95
2013-08-05 00:00:00,1224642720
2013-08-06 00:00:00,1230715956.9045
2013-08-07 00:00:00,1216398480
2013-08-08 00:00:00,1174293052.5
2013-08-09 00:00:00,1179434602.5
2013-08-10 00:00:00,1183611635.383
2013-08-11 00:00:00,1198377190.395
2013-08-12 00:00:00,1212190667.9705
2013-08-13 00:00:00,1239304284.471
2013-08-14 00:00:00,1155734116.25
2013-08-15 00:00:00,1135925154
2013-08-16 00:00:00,1139007098.5
2013-08-17 00:00:00,1138079589.75
2013-08-18 00:00:00,1145854489
2013-08-19 00:00:00,1181603148
2013-08-20 00:00:00,1211248945.75
2013-08-21 00:00:00,1271571731.25
2013-08-22 00:00:00,1286747437.75
2013-08-23 00:00:00,1246407942
2013-08-24 00:00:00,1262105427
2013-08-25 00:00:00,1310190387.5
2013-08-26 00:00:00,1297880610
2013-08-27 00:00:00,1364789140
2013-08-28 00:00:00,1385377931.25
2013-08-29 00:00:00,1388641365
2013-08-30 00:00:00,1450961407.75
2013-08-31 00:00:00,1544227650
2013-09-01 00:00:00,1522502783
2013-09-02 00:00:00,1525716595.75
2013-09-03 00:00:00,1519566392.4999998
2013-09-04 00:00:00,1476901220
2013-09-05 00:00:00,1451422408.25
2013-09-06 00:00:00,1427873853
2013-09-07 00:00:00,1401657885
2013-09-08 00:00:00,1382967258.75
2013-09-09 00:00:00,1420313587
2013-09-10 00:00:00,1441084149
2013-09-11 00:00:00,1449999912.5
2013-09-12 00:00:00,1501493796.2499998
2013-09-13 00:00:00,1500297026.75
2013-09-14 00:00:00,1454540892
2013-09-15 00:00:00,1468452843
2013-09-16 00:00:00,1475539825.5
2013-09-17 00:00:00,1494135792
2013-09-18 00:00:00,1490750729.25
2013-09-19 00:00:00,1454681585
2013-09-20 00:00:00,1453873166.5
2013-09-21 00:00:00,1448821725
2013-09-22 00:00:00,1441007470
2013-09-23 00:00:00,1444503915.5
2013-09-24 00:00:00,1440070859.5
2013-09-25 00:00:00,1459413032
2013-09-26 00:00:00,1456064198.75
2013-09-27 00:00:00,1477191020
2013-09-28 00:00:00,1488316775
2013-09-29 00:00:00,1507679355
2013-09-30 00:00:00,1481125170
2013-10-01 00:00:00,1497171490.5
2013-10-02 00:00:00,1230956951.25
2013-10-03 00:00:00,1378615371.25
2013-10-04 00:00:00,1438688050
2013-10-05 00:00:00,1433550678
2013-10-06 00:00:00,1435226560
2013-10-07 00:00:00,1459305030
2013-10-08 00:00:00,1462621608
2013-10-09 00:00:00,1489654112
2013-10-10 00:00:00,1494405760.75
2013-10-11 00:00:00,1499813238
2013-10-12 00:00:00,1508600193.75
2013-10-13 00:00:00,1535485874
2013-10-14 00:00:00,1606779919.5
2013-10-15 00:00:00,1649680710
2013-10-16 00:00:00,1681142901.7500002
2013-10-17 00:00:00,1699564141.0000002
2013-10-18 00:00:00,1786302344.75
2013-10-19 00:00:00,1958730875.0000002
2013-10-20 00:00:00,1967458259
2013-10-21 00:00:00,2103224179.75
2013-10-22 00:00:00,2279142287
2013-10-23 00:00:00,2377290528.75
2013-10-24 00:00:00,2328734577
2013-10-25 00:00:00,2056551326.5
2013-10-26 00:00:00,2139559868.75
2013-10-27 00:00:00,2251714053
2013-10-28 00:00:00,2338225531.25
2013-10-29 00:00:00,2408599560.5
2013-10-30 00:00:00,2425090156.5
2013-10-31 00:00:00,2404920005.75
2013-11-01 00:00:00,2425328973
2013-11-02 00:00:00,2437295812.5
2013-11-03 00:00:00,2470544002.5
2013-11-04 00:00:00,2689641115
2013-11-05 00:00:00,2947943727
2013-11-06 00:00:00,3087643198.5
2013-11-07 00:00:00,3496381056
2013-11-08 00:00:00,3895040535
2013-11-09 00:00:00,4305490758
2013-11-10 00:00:00,3554569406.2500005
2013-11-11 00:00:00,4064669415
2013-11-12 00:00:00,4240843076.25
2013-11-13 00:00:00,4694265577
2013-11-14 00:00:00,4994001600
2013-11-15 00:00:00,5136513974
2013-11-16 00:00:00,5202089043.75
2013-11-17 00:00:00,5557944600
2013-11-18 00:00:00,7002760228
2013-11-19 00:00:00,6726697878.25
2013-11-20 00:00:00,7149668750
2013-11-21 00:00:00,8353264252.500001
2013-11-22 00:00:00,9150340100
2013-11-23 00:00:00,10079469418.5
2013-11-24 00:00:00,10024956042
2013-11-25 00:00:00,9798077300
2013-11-26 00:00:00,10173483145
2013-11-27 00:00:00,11575437200
2013-11-28 00:00:00,12158197750
2013-11-29 00:00:00,13065737062.500002
2013-11-30 00:00:00,13504897665
2013-12-01 00:00:00,11701352500
2013-12-02 00:00:00,11974044577.75
2013-12-03 00:00:00,12796399500
2013-12-04 00:00:00,13900051500
2013-12-05 00:00:00,12423144163.499998
2013-12-06 00:00:00,10804928700
2013-12-07 00:00:00,8793554296.5
2013-12-08 00:00:00,8744799021.75
2013-12-09 00:00:00,10539274200
2013-12-10 00:00:00,11342353720.5
2013-12-11 00:00:00,10731150885
2013-12-12 00:00:00,10244844618.75
2013-12-13 00:00:00,10590673150
2013-12-14 00:00:00,10482304132.5
2013-12-15 00:00:00,10285693977.25
2013-12-16 00:00:00,8601410750
2013-12-17 00:00:00,8520552683.749999
2013-12-18 00:00:00,6995691508
2013-12-19 00:00:00,7932203225
2013-12-20 00:00:00,8020567500
2013-12-21 00:00:00,7445825625
2013-12-22 00:00:00,7746302200
2013-12-23 00:00:00,7784111542.5
2013-12-24 00:00:00,7876450630.75
2013-12-25 00:00:00,8010702561.750001
2013-12-26 00:00:00,8943399550
2013-12-27 00:00:00,8716253381.25
2013-12-28 00:00:00,8549801919.75
2013-12-29 00:00:00,8713093532.75
2013-12-30 00:00:00,9013010382.5
2013-12-31 00:00:00,8917322800
2014-01-01 00:00:00,9115018220
2014-01-02 00:00:00,9253369174.5
2014-01-03 00:00:00,9845053570.25
2014-01-04 00:00:00,10045556735.5
2014-01-05 00:00:00,10948873600
2014-01-06 00:00:00,11419923171.5
2014-01-07 00:00:00,10607038228.5
2014-01-08 00:00:00,10096391537.5
2014-01-09 00:00:00,9902844981.75
2014-01-10 00:00:00,10130861704.5
2014-01-11 00:00:00,10923824725
2014-01-12 00:00:00,10427515750
2014-01-13 00:00:00,9902642684.75
2014-01-14 00:00:00,10064180131.25
2014-01-15 00:00:00,10398269665
2014-01-16 00:00:00,10196347805
2014-01-17 00:00:00,9734293075
2014-01-18 00:00:00,9842267405.5
2014-01-19 00:00:00,10232530350
2014-01-20 00:00:00,10220612013
2014-01-21 00:00:00,10111586132
2014-01-22 00:00:00,9998543353.75
2014-01-23 00:00:00,10001792365.5
2014-01-24 00:00:00,9711394517.5
2014-01-25 00:00:00,9922504800
2014-01-26 00:00:00,10181507196
2014-01-27 00:00:00,9571727025
2014-01-28 00:00:00,9860844595
2014-01-29 00:00:00,9905916930
2014-01-30 00:00:00,9856971517.25
2014-01-31 00:00:00,9899258812.5
2014-02-01 00:00:00,10069683795.5
2014-02-02 00:00:00,10117509693
2014-02-03 00:00:00,10050226550
2014-02-04 00:00:00,9994983473.75
2014-02-05 00:00:00,9886600000
2014-02-06 00:00:00,9617966650
2014-02-07 00:00:00,9185626009
2014-02-08 00:00:00,8746243975
2014-02-09 00:00:00,8786037000
2014-02-10 00:00:00,8231719125
2014-02-11 00:00:00,8296409000
2014-02-12 00:00:00,8262169493.75
2014-02-13 00:00:00,7856007836.25
2014-02-14 00:00:00,8331452415
2014-02-15 00:00:00,8078031422.999999
2014-02-16 00:00:00,7734813662.5
2014-02-17 00:00:00,7966979250
2014-02-18 00:00:00,7780597426
2014-02-19 00:00:00,7748321499.749999
2014-02-20 00:00:00,7238794695.000001
2014-02-21 00:00:00,7035698628
2014-02-22 00:00:00,7508165977
2014-02-23 00:00:00,7794323689
2014-02-24 00:00:00,6779936250
2014-02-25 00:00:00,6570696000
2014-02-26 00:00:00,7287410254.5
2014-02-27 00:00:00,7287458482.749999
2014-02-28 00:00:00,7200509201.75
2014-03-01 00:00:00,7122018712.5
2014-03-02 00:00:00,6979296116
2014-03-03 00:00:00,8310755125
2014-03-04 00:00:00,8451643187.25
2014-03-05 00:00:00,8295167237.5
2014-03-06 00:00:00,8200135216
2014-03-07 00:00:00,7756914967.499999
2014-03-08 00:00:00,7606014150
2014-03-09 00:00:00,7970696165.5
2014-03-10 00:00:00,7773366674.25
2014-03-11 00:00:00,7787355647.5
2014-03-12 00:00:00,8030086547.5
2014-03-13 00:00:00,8039179622
2014-03-14 00:00:00,7964578727.25
2014-03-15 00:00:00,7965110034.5
2014-03-16 00:00:00,7950718680.000001
2014-03-17 00:00:00,7825273315.000001
2014-03-18 00:00:00,7856357025
2014-03-19 00:00:00,7625780519.5
2014-03-20 00:00:00,7397493750
2014-03-21 00:00:00,7274611573.5
2014-03-22 00:00:00,6988706850
2014-03-23 00:00:00,7118715007.75
2014-03-24 00:00:00,7182689800
2014-03-25 00:00:00,7285587718.5
2014-03-26 00:00:00,7359247287.500001
2014-03-27 00:00:00,6538419810.000001
2014-03-28 00:00:00,6324533375
2014-03-29 00:00:00,6288195326
2014-03-30 00:00:00,5649401257.5
2014-03-31 00:00:00,5751722025
2014-04-01 00:00:00,6037174753
2014-04-02 00:00:00,5604741625
2014-04-03 00:00:00,5623561788.75
2014-04-04 00:00:00,5622022951.5
2014-04-05 00:00:00,5697532960
2014-04-06 00:00:00,5797898152.25
2014-04-07 00:00:00,5649057225.5
2014-04-08 00:00:00,5730692600.75
2014-04-09 00:00:00,5593849485
2014-04-10 00:00:00,5064118725
2014-04-11 00:00:00,5406562275.5
2014-04-12 00:00:00,5370238521
2014-04-13 00:00:00,5119777125
2014-04-14 00:00:00,5730397111.5
2014-04-15 00:00:00,6197777923.5
2014-04-16 00:00:00,6472815112.5
2014-04-17 00:00:00,6266167875
2014-04-18 00:00:00,6077902743.5
2014-04-19 00:00:00,6332183310
2014-04-20 00:00:00,6337982518.5
2014-04-21 00:00:00,6293422987.5
2014-04-22 00:00:00,6255140735.25
2014-04-23 00:00:00,6180815740
2014-04-24 00:00:00,6237162710
2014-04-25 00:00:00,5827336661.25
2014-04-26 00:00:00,5889432077
2014-04-27 00:00:00,5589358020
2014-04-28 00:00:00,5678844450
2014-04-29 00:00:00,5689505910
2014-04-30 00:00:00,5707665550
2014-05-01 00:00:00,5849556161.5
2014-05-02 00:00:00,5692506204
2014-05-03 00:00:00,5528578000
2014-05-04 00:00:00,5551993638
2014-05-05 00:00:00,5446671642.75
2014-05-06 00:00:00,5480499989.75
2014-05-07 00:00:00,5690164672.5
2014-05-08 00:00:00,5626277325
2014-05-09 00:00:00,5762215354
2014-05-10 00:00:00,5769316392.5
2014-05-11 00:00:00,5548979625
2014-05-12 00:00:00,5633628300
2014-05-13 00:00:00,5602955327.5
2014-05-14 00:00:00,5713641818
2014-05-15 00:00:00,5734657426.5
2014-05-16 00:00:00,5743344319
2014-05-17 00:00:00,5739904793
2014-05-18 00:00:00,5716830220.5
2014-05-19 00:00:00,5709600195
2014-05-20 00:00:00,6205327067.25
2014-05-21 00:00:00,6333680297.25
2014-05-22 00:00:00,6706644944
2014-05-23 00:00:00,6755202796
2014-05-24 00:00:00,6681192720
2014-05-25 00:00:00,7368495625
2014-05-26 00:00:00,7486296000
2014-05-27 00:00:00,7460868060.75
2014-05-28 00:00:00,7366729894.500001
2014-05-29 00:00:00,7287397400
2014-05-30 00:00:00,7816291020
2014-05-31 00:00:00,7965213010.000001
2014-06-01 00:00:00,8668278779.5
2014-06-02 00:00:00,8112594157.5
2014-06-03 00:00:00,8660592155
2014-06-04 00:00:00,8287765076.5
2014-06-05 00:00:00,8470908648
2014-06-06 00:00:00,8435141762.5
2014-06-07 00:00:00,8418992602.499999
2014-06-08 00:00:00,8391843100
2014-06-09 00:00:00,8380284372.249999
2014-06-10 00:00:00,8369770837.5
2014-06-11 00:00:00,8244607176
2014-06-12 00:00:00,7950831675
2014-06-13 00:00:00,7502256450
2014-06-14 00:00:00,7194308659.999999
2014-06-15 00:00:00,7230054767.25
2014-06-16 00:00:00,7678237000
2014-06-17 00:00:00,7715093732.5
2014-06-18 00:00:00,7807381180
2014-06-19 00:00:00,7806046764.000001
2014-06-20 00:00:00,7666832261.000001
2014-06-21 00:00:00,7639387910.75
2014-06-22 00:00:00,7708059500.000001
2014-06-23 00:00:00,7651170800
2014-06-24 00:00:00,7576975431
2014-06-25 00:00:00,7339701600
2014-06-26 00:00:00,7368023675
2014-06-27 00:00:00,7629370137.5
2014-06-28 00:00:00,7737216399.000001
2014-06-29 00:00:00,7725813900
2014-06-30 00:00:00,8038858000
2014-07-01 00:00:00,8487791107.500001
2014-07-02 00:00:00,8484227550
2014-07-03 00:00:00,8357159646
2014-07-04 00:00:00,8248755523.5
2014-07-05 00:00:00,8215983881
2014-07-06 00:00:00,8240549910.75
2014-07-07 00:00:00,8080235477
2014-07-08 00:00:00,8105106240.000001
2014-07-09 00:00:00,8122404507
2014-07-10 00:00:00,8059014834.5
2014-07-11 00:00:00,8198300350.249999
2014-07-12 00:00:00,8222628582
2014-07-13 00:00:00,8211005775
2014-07-14 00:00:00,8107843949.999999
2014-07-15 00:00:00,8114810685.249999
2014-07-16 00:00:00,8069315506
2014-07-17 00:00:00,8156920850
2014-07-18 00:00:00,8209721212
2014-07-19 00:00:00,8226250419.999999
2014-07-20 00:00:00,8135676167.5
2014-07-21 00:00:00,8077594531.5
2014-07-22 00:00:00,8104472551.5
2014-07-23 00:00:00,8119531937
2014-07-24 00:00:00,7849862761.499999
2014-07-25 00:00:00,7870638896.5
2014-07-26 00:00:00,7785082818
2014-07-27 00:00:00,7743439126.25
2014-07-28 00:00:00,7672902534
2014-07-29 00:00:00,7603694000
2014-07-30 00:00:00,7501333455
2014-07-31 00:00:00,7667355850
2014-08-01 00:00:00,7878220817.000001
2014-08-02 00:00:00,7745258967.25
2014-08-03 00:00:00,7723934074.25
2014-08-04 00:00:00,7780287333.000001
2014-08-05 00:00:00,7602346577.5
2014-08-06 00:00:00,7622784020
2014-08-07 00:00:00,7699010020
2014-08-08 00:00:00,7728389582.499999
2014-08-09 00:00:00,7721886298.5
2014-08-10 00:00:00,7729507191.75
2014-08-11 00:00:00,7600645788.75
2014-08-12 00:00:00,7479427095.999999
2014-08-13 00:00:00,7226817835.5
2014-08-14 00:00:00,6854912354.5
2014-08-15 00:00:00,6548138844
2014-08-16 00:00:00,6692802825
2014-08-17 00:00:00,6469722234
2014-08-18 00:00:00,6160174810.75
2014-08-19 00:00:00,6416755312.5
2014-08-20 00:00:00,6679378132.5
2014-08-21 00:00:00,6924903790.5
2014-08-22 00:00:00,6827814187.5
2014-08-23 00:00:00,6640470759
2014-08-24 00:00:00,6733102331.25
2014-08-25 00:00:00,6643037913.75
2014-08-26 00:00:00,6763841117.249999
2014-08-27 00:00:00,6792953412
2014-08-28 00:00:00,6723349466.75
2014-08-29 00:00:00,6759791170.25
2014-08-30 00:00:00,6654881727
2014-08-31 00:00:00,6315143457
2014-09-01 00:00:00,6377861181
2014-09-02 00:00:00,6393599083.75
2014-09-03 00:00:00,6251518222
2014-09-04 00:00:00,6428625750
2014-09-05 00:00:00,6429245278.5
2014-09-06 00:00:00,6367490749.5
2014-09-07 00:00:00,6363240583
2014-09-08 00:00:00,6311972619.75
2014-09-09 00:00:00,6179355602
2014-09-10 00:00:00,6426974895.25
2014-09-11 00:00:00,6216466025
2014-09-12 00:00:00,6237313762.5
2014-09-13 00:00:00,6364467155.5
2014-09-14 00:00:00,6308527913.25
2014-09-15 00:00:00,6307765712.5
2014-09-16 00:00:00,6212863800
2014-09-17 00:00:00,5949473600
2014-09-18 00:00:00,5688375693
2014-09-19 00:00:00,5300749487.5
2014-09-20 00:00:00,5524070247
2014-09-21 00:00:00,5402753935
2014-09-22 00:00:00,5333585347.5
2014-09-23 00:00:00,5628078450
2014-09-24 00:00:00,5748387369.75
2014-09-25 00:00:00,5432891464
2014-09-26 00:00:00,5395279765.5
2014-09-27 00:00:00,5337967003.5
2014-09-28 00:00:00,5063025000
2014-09-29 00:00:00,5090190768
2014-09-30 00:00:00,5101373770
2014-10-01 00:00:00,5137430973.75
2014-10-02 00:00:00,5013209451.25
2014-10-03 00:00:00,4853097937.5
2014-10-04 00:00:00,4484062800
2014-10-05 00:00:00,3920457791.25
2014-10-06 00:00:00,4422803400
2014-10-07 00:00:00,4417374855
2014-10-08 00:00:00,4626353890.5
2014-10-09 00:00:00,5064334156.5
2014-10-10 00:00:00,4798872496.5
2014-10-11 00:00:00,4813795279.75
2014-10-12 00:00:00,4879865751.75
2014-10-13 00:00:00,5103763143
2014-10-14 00:00:00,5512344464.5
2014-10-15 00:00:00,5274369650
2014-10-16 00:00:00,5061867359.5
2014-10-17 00:00:00,5127558024.75
2014-10-18 00:00:00,5220952124
2014-10-19 00:00:00,5213010586
2014-10-20 00:00:00,5160197007.5
2014-10-21 00:00:00,5189031450
2014-10-22 00:00:00,5165201887.5
2014-10-23 00:00:00,4883362638
2014-10-24 00:00:00,4810631776.5
2014-10-25 00:00:00,4683525526.75
2014-10-26 00:00:00,4772474124.75
2014-10-27 00:00:00,4788169325
2014-10-28 00:00:00,4768547912
2014-10-29 00:00:00,4616493552
2014-10-30 00:00:00,4530198325
2014-10-31 00:00:00,4584899553.75
2014-11-01 00:00:00,4403862030.75
2014-11-02 00:00:00,4392017915.25
2014-11-03 00:00:00,4385207114
2014-11-04 00:00:00,4425721720
2014-11-05 00:00:00,4605750325
2014-11-06 00:00:00,4687412655
2014-11-07 00:00:00,4611859378.5
2014-11-08 00:00:00,4661447670
2014-11-09 00:00:00,4804211514
2014-11-10 00:00:00,5069001613.5
2014-11-11 00:00:00,4924234458
2014-11-12 00:00:00,5802913006.5
2014-11-13 00:00:00,5487177696
2014-11-14 00:00:00,5353659140
2014-11-15 00:00:00,5038882560
2014-11-16 00:00:00,5182200331.25
2014-11-17 00:00:00,5113804134
2014-11-18 00:00:00,5134550134.25
2014-11-19 00:00:00,5066365722
2014-11-20 00:00:00,4890916442.5
2014-11-21 00:00:00,4827117112.5
2014-11-22 00:00:00,4867761185
2014-11-23 00:00:00,4912198474
2014-11-24 00:00:00,5198006400
2014-11-25 00:00:00,5159022365.25
2014-11-26 00:00:00,5030504780
2014-11-27 00:00:00,5047706145.5
2014-11-28 00:00:00,5096576448
2014-11-29 00:00:00,5112905893.5
2014-11-30 00:00:00,5097293877
2014-12-01 00:00:00,5176753038
2014-12-02 00:00:00,5180956836
2014-12-03 00:00:00,5132181106.25
2014-12-04 00:00:00,5044277364.75
2014-12-05 00:00:00,5077030936.5
2014-12-06 00:00:00,5079337165
2014-12-07 00:00:00,5103296365.5
2014-12-08 00:00:00,4986234561
2014-12-09 00:00:00,4760292226.75
2014-12-10 00:00:00,4770972114.75
2014-12-11 00:00:00,4841998530
2014-12-12 00:00:00,4829389818
2014-12-13 00:00:00,4765766121.75
2014-12-14 00:00:00,4807337088
2014-12-15 00:00:00,4793307332.5
2014-12-16 00:00:00,4584536858.75
2014-12-17 00:00:00,4333263510
2014-12-18 00:00:00,4327558492.5
2014-12-19 00:00:00,4327589638.75
2014-12-20 00:00:00,4438688455
2014-12-21 00:00:00,4456636200.75
2014-12-22 00:00:00,4534046550
2014-12-23 00:00:00,4595814288
2014-12-24 00:00:00,4469253041.75
2014-12-25 00:00:00,4357639535.5
2014-12-26 00:00:00,4478641758.5
2014-12-27 00:00:00,4293704692.5
2014-12-28 00:00:00,4336676937.5
2014-12-29 00:00:00,4296892594.5
2014-12-30 00:00:00,4278907102.9999995
2014-12-31 00:00:00,4339040505
2015-01-01 00:00:00,4317110682.5
2015-01-02 00:00:00,4324528908.75
2015-01-03 00:00:00,4136728482.25
2015-01-04 00:00:00,3708212136.75
2015-01-05 00:00:00,3789717240
2015-01-06 00:00:00,3790803680
2015-01-07 00:00:00,3791827840
2015-01-08 00:00:00,3792762040
2015-01-09 00:00:00,3793813880
2015-01-10 00:00:00,3811241000
2015-01-11 00:00:00,3733411893.75
2015-01-12 00:00:00,3703664250
2015-01-13 00:00:00,3167787711
2015-01-14 00:00:00,2422228637.5
2015-01-15 00:00:00,2994028686.5
2015-01-16 00:00:00,2819635181.25
2015-01-17 00:00:00,2707305216
2015-01-18 00:00:00,2901196119.5
2015-01-19 00:00:00,2918642141
2015-01-20 00:00:00,2927526251
2015-01-21 00:00:00,2958639540
2015-01-22 00:00:00,3216610342.5
2015-01-23 00:00:00,3205368430.25
2015-01-24 00:00:00,3365806048
2015-01-25 00:00:00,3400567198.5
2015-01-26 00:00:00,3736655601.7500005
2015-01-27 00:00:00,3662740944.4999995
2015-01-28 00:00:00,3432695925
2015-01-29 00:00:00,3212507056.5
2015-01-30 00:00:00,3170875530.75
2015-01-31 00:00:00,3166115890
2015-02-01 00:00:00,3043276324
2015-02-02 00:00:00,3075532375
2015-02-03 00:00:00,3262655450
2015-02-04 00:00:00,3071111004
2015-02-05 00:00:00,3000292899
2015-02-06 00:00:00,3044045825.25
2015-02-07 00:00:00,3109769195
2015-02-08 00:00:00,3087557512.5
2015-02-09 00:00:00,3045448195.5
2015-02-10 00:00:00,3043095552
2015-02-11 00:00:00,3069222640.5
2015-02-12 00:00:00,3067764710.5
2015-02-13 00:00:00,3319054029
2015-02-14 00:00:00,3394323806.25
2015-02-15 00:00:00,3376876497.75
2015-02-16 00:00:00,3265287115.5
2015-02-17 00:00:00,3378924200
2015-02-18 00:00:00,3253436855.25
2015-02-19 00:00:00,3347513318.25
2015-02-20 00:00:00,3375820757
2015-02-21 00:00:00,3405774966.5
2015-02-22 00:00:00,3272741800
2015-02-23 00:00:00,3288669462.75
2015-02-24 00:00:00,3331249442.5
2015-02-25 00:00:00,3311229561.75
2015-02-26 00:00:00,3296957187.5
2015-02-27 00:00:00,3527012250
2015-02-28 00:00:00,3513702465
2015-03-01 00:00:00,3439351080
2015-03-02 00:00:00,3666101617.5
2015-03-03 00:00:00,3833785480
2015-03-04 00:00:00,3916209466.2499995
2015-03-05 00:00:00,3694216021.25
2015-03-06 00:00:00,3785549759
2015-03-07 00:00:00,3838133075.5
2015-03-08 00:00:00,3811928062.5
2015-03-09 00:00:00,4002310934.0000005
2015-03-10 00:00:00,4095028099.5
2015-03-11 00:00:00,4085522367.7500005
2015-03-12 00:00:00,4143624087
2015-03-13 00:00:00,4034835730.25
2015-03-14 00:00:00,3961922926.2499995
2015-03-15 00:00:00,3954043366
2015-03-16 00:00:00,4056925176
2015-03-17 00:00:00,4004115562.9999995
2015-03-18 00:00:00,3709717423.7500005
2015-03-19 00:00:00,3637668805
2015-03-20 00:00:00,3627139245
2015-03-21 00:00:00,3600557275.5
2015-03-22 00:00:00,3638709587.5
2015-03-23 00:00:00,3717523388.25
2015-03-24 00:00:00,3463709254.5
2015-03-25 00:00:00,3434680104
2015-03-26 00:00:00,3523694619.5
2015-03-27 00:00:00,3477917244.75
2015-03-28 00:00:00,3519286704
2015-03-29 00:00:00,3415687192.5
2015-03-30 00:00:00,3432372892
2015-03-31 00:00:00,3401639125
2015-04-01 00:00:00,3399420022.5
2015-04-02 00:00:00,3536772754
2015-04-03 00:00:00,3565053258.75
2015-04-04 00:00:00,3557341515.75
2015-04-05 00:00:00,3604010402.4999995
2015-04-06 00:00:00,3572161132.5
2015-04-07 00:00:00,3584116146
2015-04-08 00:00:00,3450310038.25
2015-04-09 00:00:00,3438416790
2015-04-10 00:00:00,3309144475.5
2015-04-11 00:00:00,3323853832.5
2015-04-12 00:00:00,3325501365
2015-04-13 00:00:00,3175023906
2015-04-14 00:00:00,3035523600
2015-04-15 00:00:00,3077794818
2015-04-16 00:00:00,3228428497.5
2015-04-17 00:00:00,3131458310.75
2015-04-18 00:00:00,3127275396
2015-04-19 00:00:00,3175869114
2015-04-20 00:00:00,3161465083
2015-04-21 00:00:00,3165877506
2015-04-22 00:00:00,3342138811
2015-04-23 00:00:00,3316759348
2015-04-24 00:00:00,3253364933
2015-04-25 00:00:00,3221419770
2015-04-26 00:00:00,3078777333.5
2015-04-27 00:00:00,3138324233.75
2015-04-28 00:00:00,3140185113
2015-04-29 00:00:00,3183645204.75
2015-04-30 00:00:00,3317590248
2015-05-01 00:00:00,3294461783.25
2015-05-02 00:00:00,3305201503.5
2015-05-03 00:00:00,3396097404
2015-05-04 00:00:00,3335594229
2015-05-05 00:00:00,3315170883
2015-05-06 00:00:00,3331977963.75
2015-05-07 00:00:00,3307483748.5
2015-05-08 00:00:00,3460059372
2015-05-09 00:00:00,3409353360
2015-05-10 00:00:00,3385659603.75
2015-05-11 00:00:00,3455032100.5
2015-05-12 00:00:00,3418066879
2015-05-13 00:00:00,3436174904
2015-05-14 00:00:00,3374718444
2015-05-15 00:00:00,3365503020
2015-05-16 00:00:00,3352520598.25
2015-05-17 00:00:00,3341497738
2015-05-18 00:00:00,3351802886.25
2015-05-19 00:00:00,3290077757
2015-05-20 00:00:00,3327208635
2015-05-21 00:00:00,3347966800
2015-05-22 00:00:00,3412658925
2015-05-23 00:00:00,3388826794.5
2015-05-24 00:00:00,3413660332.5
2015-05-25 00:00:00,3346224108.75
2015-05-26 00:00:00,3351138399
2015-05-27 00:00:00,3338639125
2015-05-28 00:00:00,3360445832
2015-05-29 00:00:00,3352703354
2015-05-30 00:00:00,3285902376
2015-05-31 00:00:00,3298555151.25
2015-06-01 00:00:00,3163506560
2015-06-02 00:00:00,3198892481.5
2015-06-03 00:00:00,3220468764
2015-06-04 00:00:00,3210595731
2015-06-05 00:00:00,3191604605
2015-06-06 00:00:00,3197349335.25
2015-06-07 00:00:00,3171359940
2015-06-08 00:00:00,3249096900
2015-06-09 00:00:00,3279954697.5
2015-06-10 00:00:00,3251063484.25
2015-06-11 00:00:00,3266066700
2015-06-12 00:00:00,3280825686
2015-06-13 00:00:00,3285158823
2015-06-14 00:00:00,3312113463.75
2015-06-15 00:00:00,3375945331.5
2015-06-16 00:00:00,3503622535
2015-06-17 00:00:00,3570341154
2015-06-18 00:00:00,3546871875
2015-06-19 00:00:00,3522146336.25
2015-06-20 00:00:00,3489093090
2015-06-21 00:00:00,3466817874.75
2015-06-22 00:00:00,3523205318.75
2015-06-23 00:00:00,3489324384
2015-06-24 00:00:00,3443311744
2015-06-25 00:00:00,3462594912
2015-06-26 00:00:00,3453038843.25
2015-06-27 00:00:00,3558488937.5
2015-06-28 00:00:00,3563126298
2015-06-29 00:00:00,3636186255
2015-06-30 00:00:00,3762199291.4999995
2015-07-01 00:00:00,3696067023.7500005
2015-07-02 00:00:00,3656967385.5
2015-07-03 00:00:00,3658574047.5
2015-07-04 00:00:00,3700017152
2015-07-05 00:00:00,3887492037
2015-07-06 00:00:00,3923809460.75
2015-07-07 00:00:00,3837098590.5
2015-07-08 00:00:00,3872881222
2015-07-09 00:00:00,3888176093
2015-07-10 00:00:00,4123436257.5000005
2015-07-11 00:00:00,4218182000
2015-07-12 00:00:00,4446326685
2015-07-13 00:00:00,4168493842.4999995
2015-07-14 00:00:00,4212217418.5
2015-07-15 00:00:00,4185723080
2015-07-16 00:00:00,3968131248
2015-07-17 00:00:00,4001221266
2015-07-18 00:00:00,4003628992
2015-07-19 00:00:00,3975965187.7499995
2015-07-20 00:00:00,4008217039.5
2015-07-21 00:00:00,4019420682.7500005
2015-07-22 00:00:00,3999837095.0000005
2015-07-23 00:00:00,3987897004
2015-07-24 00:00:00,4142772627.5
2015-07-25 00:00:00,4141275320
2015-07-26 00:00:00,4217430293.5
2015-07-27 00:00:00,4196339601.7500005
2015-07-28 00:00:00,4261604875
2015-07-29 00:00:00,4197155670
2015-07-30 00:00:00,4152804929
2015-07-31 00:00:00,4113647099.9999995
2015-08-01 00:00:00,4056151352.0000005
2015-08-02 00:00:00,4056819587.25
2015-08-03 00:00:00,4111340913
2015-08-04 00:00:00,4121185500
2015-08-05 00:00:00,4088672680.5
2015-08-06 00:00:00,4008791845.0000005
2015-08-07 00:00:00,4042912995
2015-08-08 00:00:00,3906502563.25
2015-08-09 00:00:00,3842697676
2015-08-10 00:00:00,3824307952.25
2015-08-11 00:00:00,3851209440.0000005
2015-08-12 00:00:00,3881585457.75
2015-08-13 00:00:00,3854756404.0000005
2015-08-14 00:00:00,3870433884.5
2015-08-15 00:00:00,3848418459.0000005
2015-08-16 00:00:00,3734235455.2500005
2015-08-17 00:00:00,3734872203.75
2015-08-18 00:00:00,3684437228
2015-08-19 00:00:00,3386111034
2015-08-20 00:00:00,3386143924.25
2015-08-21 00:00:00,3392269896.75
2015-08-22 00:00:00,3283490946
2015-08-23 00:00:00,3322623211
2015-08-24 00:00:00,3099123540
2015-08-25 00:00:00,3227493639
2015-08-26 00:00:00,3327522393
2015-08-27 00:00:00,3320084428.5
2015-08-28 00:00:00,3406769556.75
2015-08-29 00:00:00,3321148728
2015-08-30 00:00:00,3296497320
2015-08-31 00:00:00,3362480626.5
2015-09-01 00:00:00,3325201108
2015-09-02 00:00:00,3360459735
2015-09-03 00:00:00,3313827788
2015-09-04 00:00:00,3363956160
2015-09-05 00:00:00,3421248063.25
2015-09-06 00:00:00,3502824590
2015-09-07 00:00:00,3519832118.5
2015-09-08 00:00:00,3546494661
2015-09-09 00:00:00,3503571468
2015-09-10 00:00:00,3498746776
2015-09-11 00:00:00,3503433867
2015-09-12 00:00:00,3434144189
2015-09-13 00:00:00,3357978768
2015-09-14 00:00:00,3373797492
2015-09-15 00:00:00,3361875500
2015-09-16 00:00:00,3331444219.5
2015-09-17 00:00:00,3422039400
2015-09-18 00:00:00,3408107823
2015-09-19 00:00:00,3375518010
2015-09-20 00:00:00,3368746800
2015-09-21 00:00:00,3316226688
2015-09-22 00:00:00,3359153459
2015-09-23 00:00:00,3367629247.5
2015-09-24 00:00:00,3426325082.5
2015-09-25 00:00:00,3454966027.75
2015-09-26 00:00:00,3426109284
2015-09-27 00:00:00,3413610106.25
2015-09-28 00:00:00,3503720584
2015-09-29 00:00:00,3486272414
2015-09-30 00:00:00,3490567938
2015-10-01 00:00:00,3507186837
2015-10-02 00:00:00,3490319119.5
2015-10-03 00:00:00,3511631462.75
2015-10-04 00:00:00,3516940234.5
2015-10-05 00:00:00,3514153761
2015-10-06 00:00:00,3624513479.25
2015-10-07 00:00:00,3604476037.5
2015-10-08 00:00:00,3585617248.25
2015-10-09 00:00:00,3599220642
2015-10-10 00:00:00,3614987148.75
2015-10-11 00:00:00,3649597910
2015-10-12 00:00:00,3629129621.25
2015-10-13 00:00:00,3673374595.5
2015-10-14 00:00:00,3748227565
2015-10-15 00:00:00,3751179453
2015-10-16 00:00:00,3863819742.25
2015-10-17 00:00:00,3964275577.5
2015-10-18 00:00:00,3867532353
2015-10-19 00:00:00,3893975956.0000005
2015-10-20 00:00:00,3977971670
2015-10-21 00:00:00,3968626252.5000005
2015-10-22 00:00:00,4041228215
2015-10-23 00:00:00,4093632236.5
2015-10-24 00:00:00,4131051097.4999995
2015-10-25 00:00:00,4355203129
2015-10-26 00:00:00,4207771165
2015-10-27 00:00:00,4353353674.5
2015-10-28 00:00:00,4416702247.5
2015-10-29 00:00:00,4586422490
2015-10-30 00:00:00,4866185020
2015-10-31 00:00:00,4597154298
2015-11-01 00:00:00,4606968187.5
2015-11-02 00:00:00,5039912342.5
2015-11-03 00:00:00,6052054800
2015-11-04 00:00:00,6468809828.75
2015-11-05 00:00:00,5921920000
2015-11-06 00:00:00,5751218425.5
2015-11-07 00:00:00,5737988774
2015-11-08 00:00:00,5652375858
2015-11-09 00:00:00,5613617130
2015-11-10 00:00:00,5241134019
2015-11-11 00:00:00,4595034502.5
2015-11-12 00:00:00,4918001050
2015-11-13 00:00:00,4928286660
2015-11-14 00:00:00,4925097290
2015-11-15 00:00:00,4784255549.25
2015-11-16 00:00:00,4889455205
2015-11-17 00:00:00,4989243842.5
2015-11-18 00:00:00,4968286239
2015-11-19 00:00:00,4888331350
2015-11-20 00:00:00,4765094517.5
2015-11-21 00:00:00,4839962157
2015-11-22 00:00:00,4793345255.25
2015-11-23 00:00:00,4826764413.25
2015-11-24 00:00:00,4777558597.5
2015-11-25 00:00:00,4836836875
2015-11-26 00:00:00,5180545500
2015-11-27 00:00:00,5353676439
2015-11-28 00:00:00,5270688720
2015-11-29 00:00:00,5422546741.5
2015-11-30 00:00:00,5551320987.75
2015-12-01 00:00:00,5356194597
2015-12-02 00:00:00,5382265947
2015-12-03 00:00:00,5406085237.5
2015-12-04 00:00:00,5383391312
2015-12-05 00:00:00,5636186752
2015-12-06 00:00:00,5821698036
2015-12-07 00:00:00,5905880836.5
2015-12-08 00:00:00,5898642413.5
2015-12-09 00:00:00,6184512430.75
2015-12-10 00:00:00,6210898129
2015-12-11 00:00:00,6640958131.5
2015-12-12 00:00:00,6370246741.5
2015-12-13 00:00:00,6562214147.5
2015-12-14 00:00:00,6666020040
2015-12-15 00:00:00,6875876973
2015-12-16 00:00:00,6802214980.25
2015-12-17 00:00:00,6788449783.5
2015-12-18 00:00:00,6873533517.5
2015-12-19 00:00:00,6908418909
2015-12-20 00:00:00,6518066555
2015-12-21 00:00:00,6575498820
2015-12-22 00:00:00,6536266657.5
2015-12-23 00:00:00,6619344750
2015-12-24 00:00:00,6809238651.25
2015-12-25 00:00:00,6826212808.5
2015-12-26 00:00:00,6273183470.25
2015-12-27 00:00:00,6282277211
2015-12-28 00:00:00,6366854662.5
2015-12-29 00:00:00,6475863612.75
2015-12-30 00:00:00,6430700000
2015-12-31 00:00:00,6452379124
2016-01-01 00:00:00,6498773751.75
2016-01-02 00:00:00,6524461476
2016-01-03 00:00:00,6438700586.25
2016-01-04 00:00:00,6513835500
2016-01-05 00:00:00,6499047642.5
2016-01-06 00:00:00,6483207481.25
2016-01-07 00:00:00,6830411223.25
2016-01-08 00:00:00,6731953008
2016-01-09 00:00:00,6780575688.75
2016-01-10 00:00:00,6723576172
2016-01-11 00:00:00,6738584831.75
2016-01-12 00:00:00,6733767994.5
2016-01-13 00:00:00,6477765250.5
2016-01-14 00:00:00,6514326105
2016-01-15 00:00:00,5907989110.5
2016-01-16 00:00:00,5589150800
2016-01-17 00:00:00,5817587213.75
2016-01-18 00:00:00,5816707008
2016-01-19 00:00:00,5718173059.5
2016-01-20 00:00:00,6167712359.25
2016-01-21 00:00:00,6164094600
2016-01-22 00:00:00,5828775540
2016-01-23 00:00:00,5872828237.5
2016-01-24 00:00:00,6120153918.75
2016-01-25 00:00:00,5854794313.5
2016-01-26 00:00:00,5962740010
2016-01-27 00:00:00,5969251295
2016-01-28 00:00:00,5788917792
2016-01-29 00:00:00,5712112523
2016-01-30 00:00:00,5728624464
2016-01-31 00:00:00,5709410157
2016-02-01 00:00:00,5637418200
2016-02-02 00:00:00,5661377906
2016-02-03 00:00:00,5585672264
2016-02-04 00:00:00,5840368670.5
2016-02-05 00:00:00,5863797293.25
2016-02-06 00:00:00,5661516168
2016-02-07 00:00:00,5673840375
2016-02-08 00:00:00,5706626345
2016-02-09 00:00:00,5659759595
2016-02-10 00:00:00,5758117900.5
2016-02-11 00:00:00,5726044293.75
2016-02-12 00:00:00,5799145650
2016-02-13 00:00:00,5909177895
2016-02-14 00:00:00,6120531763.5
2016-02-15 00:00:00,6125976346
2016-02-16 00:00:00,6189110092.5
2016-02-17 00:00:00,6363300370
2016-02-18 00:00:00,6379341962.5
2016-02-19 00:00:00,6366329644.5
2016-02-20 00:00:00,6694895489
2016-02-21 00:00:00,6622990722.75
2016-02-22 00:00:00,6682772887.5
2016-02-23 00:00:00,6356518650
2016-02-24 00:00:00,6450804727.5
2016-02-25 00:00:00,6426413210
2016-02-26 00:00:00,6472839926
2016-02-27 00:00:00,6591099600
2016-02-28 00:00:00,6615142323
2016-02-29 00:00:00,6657971469.5
2016-03-01 00:00:00,6593564428.25
2016-03-02 00:00:00,6566549286
2016-03-03 00:00:00,6437380104
2016-03-04 00:00:00,6363200092
2016-03-05 00:00:00,6128282500
2016-03-06 00:00:00,6249823738.5
2016-03-07 00:00:00,6298500809
2016-03-08 00:00:00,6306762748
2016-03-09 00:00:00,6319324957.5
2016-03-10 00:00:00,6365361600
2016-03-11 00:00:00,6446951118.5
2016-03-12 00:00:00,6276710500
2016-03-13 00:00:00,6315415323
2016-03-14 00:00:00,6339180629
2016-03-15 00:00:00,6354388122
2016-03-16 00:00:00,6374693158.5
2016-03-17 00:00:00,6416715066
2016-03-18 00:00:00,6268375748.25
2016-03-19 00:00:00,6219459016.5
2016-03-20 00:00:00,6300441606.25
2016-03-21 00:00:00,6297439974.75
2016-03-22 00:00:00,6373545750
2016-03-23 00:00:00,6412718195
2016-03-24 00:00:00,6393876498.5
2016-03-25 00:00:00,6394925517
2016-03-26 00:00:00,6385243243.5
2016-03-27 00:00:00,6557216490
2016-03-28 00:00:00,6499721486
2016-03-29 00:00:00,6363790650
2016-03-30 00:00:00,6340066807.5
2016-03-31 00:00:00,6411943060.5
2016-04-01 00:00:00,6402757500
2016-04-02 00:00:00,6432320502.5
2016-04-03 00:00:00,6433856909.75
2016-04-04 00:00:00,6449733039.75
2016-04-05 00:00:00,6494098132.5
2016-04-06 00:00:00,6485259726.25
2016-04-07 00:00:00,6475089075.75
2016-04-08 00:00:00,6505384260
2016-04-09 00:00:00,6438200965.5
2016-04-10 00:00:00,6500143221
2016-04-11 00:00:00,6487239627.75
2016-04-12 00:00:00,6569044479.75
2016-04-13 00:00:00,6550968002
2016-04-14 00:00:00,6539602042
2016-04-15 00:00:00,6623411785.5
2016-04-16 00:00:00,6630195220.75
2016-04-17 00:00:00,6574388528.5
2016-04-18 00:00:00,6600076658
2016-04-19 00:00:00,6636133517.25
2016-04-20 00:00:00,6836596928.5
2016-04-21 00:00:00,6972144300
2016-04-22 00:00:00,6915770843.75
2016-04-23 00:00:00,6979865502.75
2016-04-24 00:00:00,7106814635
2016-04-25 00:00:00,7177282587
2016-04-26 00:00:00,7242797765.5
2016-04-27 00:00:00,6924336434.5
2016-04-28 00:00:00,6967496250
2016-04-29 00:00:00,7064675364
2016-04-30 00:00:00,6927076932.25
2016-05-01 00:00:00,7002100120
2016-05-02 00:00:00,6879884027.5
2016-05-03 00:00:00,6991007400
2016-05-04 00:00:00,6937221194.75
2016-05-05 00:00:00,6956636780.5
2016-05-06 00:00:00,7150834286
2016-05-07 00:00:00,7123543384
2016-05-08 00:00:00,7106510950
2016-05-09 00:00:00,7167648224.75
2016-05-10 00:00:00,6988848750
2016-05-11 00:00:00,7029335591
2016-05-12 00:00:00,7064935352.5
2016-05-13 00:00:00,7099610927.5
2016-05-14 00:00:00,7083067858.75
2016-05-15 00:00:00,7106885526
2016-05-16 00:00:00,7074282388
2016-05-17 00:00:00,7044930395
2016-05-18 00:00:00,7046818292.5
2016-05-19 00:00:00,6876524547.75
2016-05-20 00:00:00,6868519562.5
2016-05-21 00:00:00,6911178646.75
2016-05-22 00:00:00,6821488650
2016-05-23 00:00:00,6888422724.75
2016-05-24 00:00:00,6939443749
2016-05-25 00:00:00,6981503252
2016-05-26 00:00:00,7053945795.75
2016-05-27 00:00:00,7333067368.5
2016-05-28 00:00:00,8147805219.249999
2016-05-29 00:00:00,7989516743.999999
2016-05-30 00:00:00,8194046737.5
2016-05-31 00:00:00,8289352638.75
2016-06-01 00:00:00,8421126700
2016-06-02 00:00:00,8431106865.5
2016-06-03 00:00:00,8870456000
2016-06-04 00:00:00,8961804456.5
2016-06-05 00:00:00,8968617634.5
2016-06-06 00:00:00,9134843637.5
2016-06-07 00:00:00,9028090841.5
2016-06-08 00:00:00,9047994541
2016-06-09 00:00:00,9023950503
2016-06-10 00:00:00,9064666618
2016-06-11 00:00:00,9376115184
2016-06-12 00:00:00,10428630880.5
2016-06-13 00:00:00,11010699782.5
2016-06-14 00:00:00,10717864205.75
2016-06-15 00:00:00,10889771217.5
2016-06-16 00:00:00,12027967803
2016-06-17 00:00:00,11680772866.25
2016-06-18 00:00:00,11881985587.5
2016-06-19 00:00:00,12010449024
2016-06-20 00:00:00,11665765410
2016-06-21 00:00:00,10539955718.75
2016-06-22 00:00:00,9256421500
2016-06-23 00:00:00,9820115706.5
2016-06-24 00:00:00,10357666898.25
2016-06-25 00:00:00,10441035606.25
2016-06-26 00:00:00,9815960169.75
2016-06-27 00:00:00,10188941395.5
2016-06-28 00:00:00,10196368956.5
2016-06-29 00:00:00,10063752006
2016-06-30 00:00:00,10633103644.5
2016-07-01 00:00:00,10608368893.75
2016-07-02 00:00:00,11079978477
2016-07-03 00:00:00,10380054345
2016-07-04 00:00:00,10651112509.5
2016-07-05 00:00:00,10505010226
2016-07-06 00:00:00,10643343672
2016-07-07 00:00:00,10012128070.5
2016-07-08 00:00:00,10423237155
2016-07-09 00:00:00,10262295285.625
2016-07-10 00:00:00,10235998867.5
2016-07-11 00:00:00,10240153706.75
2016-07-12 00:00:00,10682486713.875
2016-07-13 00:00:00,10366219391.25
2016-07-14 00:00:00,10423167437.625
2016-07-15 00:00:00,10514437454.25
2016-07-16 00:00:00,10453324633.125
2016-07-17 00:00:00,10721461200
2016-07-18 00:00:00,10660597959
2016-07-19 00:00:00,10660891360.5
2016-07-20 00:00:00,10522118543.25
2016-07-21 00:00:00,10488529407.375
2016-07-22 00:00:00,10230283752
2016-07-23 00:00:00,10320160372.5
2016-07-24 00:00:00,10437607074.25
2016-07-25 00:00:00,10327136946.75
2016-07-26 00:00:00,10326456540
2016-07-27 00:00:00,10351333852.625
2016-07-28 00:00:00,10354974233.625
2016-07-29 00:00:00,10402588176.75
2016-07-30 00:00:00,10334265005.75
2016-07-31 00:00:00,9858709806.75
2016-08-01 00:00:00,9553884120
2016-08-02 00:00:00,9538466775.75
2016-08-03 00:00:00,8908098000
2016-08-04 00:00:00,9098417671.75
2016-08-05 00:00:00,9110061456
2016-08-06 00:00:00,9309397508
2016-08-07 00:00:00,9364531870
2016-08-08 00:00:00,9547377630
2016-08-09 00:00:00,9548313985
2016-08-10 00:00:00,9306805453.125
2016-08-11 00:00:00,9354231524
2016-08-12 00:00:00,9241807137.5
2016-08-13 00:00:00,9223231165.625
2016-08-14 00:00:00,8995884840
2016-08-15 00:00:00,8945200083.75
2016-08-16 00:00:00,9111780000
2016-08-17 00:00:00,9046693698
2016-08-18 00:00:00,9055705733.25
2016-08-19 00:00:00,9071049473.5
2016-08-20 00:00:00,9205418289.375
2016-08-21 00:00:00,9185393311.75
2016-08-22 00:00:00,9309383328
2016-08-23 00:00:00,9246976634.25
2016-08-24 00:00:00,9186966577.5
2016-08-25 00:00:00,9143727625.125
2016-08-26 00:00:00,9154182799.125
2016-08-27 00:00:00,9000157326.75
2016-08-28 00:00:00,9098184553.25
2016-08-29 00:00:00,9106383600.25
2016-08-30 00:00:00,9173160323.25
2016-08-31 00:00:00,9105038419
2016-09-01 00:00:00,9065313400
2016-09-02 00:00:00,9194478279
2016-09-03 00:00:00,9658268480
2016-09-04 00:00:00,9752220126
2016-09-05 00:00:00,9709692792.25
2016-09-06 00:00:00,9735788868.75
2016-09-07 00:00:00,9819424903.75
2016-09-08 00:00:00,9996600081.25
2016-09-09 00:00:00,9943784235
2016-09-10 00:00:00,9971334719.125
2016-09-11 00:00:00,9682890146.875
2016-09-12 00:00:00,9696828831.25
2016-09-13 00:00:00,9743639430
2016-09-14 00:00:00,9744519111.25
2016-09-15 00:00:00,9723634531.875
2016-09-16 00:00:00,9687705824
2016-09-17 00:00:00,9658620486.125
2016-09-18 00:00:00,9751671939
2016-09-19 00:00:00,9679951822.5
2016-09-20 00:00:00,9683802530
2016-09-21 00:00:00,9500151312.75
2016-09-22 00:00:00,9481980780
2016-09-23 00:00:00,9592952323.5
2016-09-24 00:00:00,9583875364.375
2016-09-25 00:00:00,9541084296.25
2016-09-26 00:00:00,9682117480.875
2016-09-27 00:00:00,9602149537.5
2016-09-28 00:00:00,9610103889.75
2016-09-29 00:00:00,9631379511
2016-09-30 00:00:00,9716425271
2016-10-01 00:00:00,9767249440
2016-10-02 00:00:00,9698339801
2016-10-03 00:00:00,9750081669
2016-10-04 00:00:00,9718674261.25
2016-10-05 00:00:00,9762755868.75
2016-10-06 00:00:00,9772903063.5
2016-10-07 00:00:00,9867115218.875
2016-10-08 00:00:00,9881956035
2016-10-09 00:00:00,9802318240
2016-10-10 00:00:00,9854065877.25
2016-10-11 00:00:00,10207866900.75
2016-10-12 00:00:00,10152323420.25
2016-10-13 00:00:00,10152546965.625
2016-10-14 00:00:00,10216074251.625
2016-10-15 00:00:00,10189651485
2016-10-16 00:00:00,10264938207.25
2016-10-17 00:00:00,10182607559.25
2016-10-18 00:00:00,10183048859.25
2016-10-19 00:00:00,10065628111.25
2016-10-20 00:00:00,10085494744.5
2016-10-21 00:00:00,10128718512
2016-10-22 00:00:00,10587003806.875
2016-10-23 00:00:00,10504485907.75
2016-10-24 00:00:00,10445223778.5
2016-10-25 00:00:00,10491018708.625
2016-10-26 00:00:00,10751191343.375
2016-10-27 00:00:00,10933937742.5
2016-10-28 00:00:00,11016448598.375
2016-10-29 00:00:00,11433877548
2016-10-30 00:00:00,11232230640
2016-10-31 00:00:00,11251559127.375
2016-11-01 00:00:00,11722434158.625
2016-11-02 00:00:00,11811455982
2016-11-03 00:00:00,11015560588.125
2016-11-04 00:00:00,11304928421.875
2016-11-05 00:00:00,11320441822.5
2016-11-06 00:00:00,11416026125
2016-11-07 00:00:00,11260957290.125
2016-11-08 00:00:00,11371555020
2016-11-09 00:00:00,11575767274.75
2016-11-10 00:00:00,11422773691.875
2016-11-11 00:00:00,11437973770.5
2016-11-12 00:00:00,11243845495.5
2016-11-13 00:00:00,11247332051.75
2016-11-14 00:00:00,11300322593.75
2016-11-15 00:00:00,11389639488.75
2016-11-16 00:00:00,11832832521.125
2016-11-17 00:00:00,11777848098
2016-11-18 00:00:00,11978185824
2016-11-19 00:00:00,12049740050.25
2016-11-20 00:00:00,11678347786.5
2016-11-21 00:00:00,11823135341.875
2016-11-22 00:00:00,11968547386.5
2016-11-23 00:00:00,11842534500
2016-11-24 00:00:00,11801298448.5
2016-11-25 00:00:00,11852162087
2016-11-26 00:00:00,11718620057.375
2016-11-27 00:00:00,11573276306.875
2016-11-28 00:00:00,11713912056
2016-11-29 00:00:00,11707747473.75
2016-11-30 00:00:00,11847589975
2016-12-01 00:00:00,12069035148
2016-12-02 00:00:00,12394634059
2016-12-03 00:00:00,12242481351
2016-12-04 00:00:00,12265688032
2016-12-05 00:00:00,12116495500.5
2016-12-06 00:00:00,12112303227.375
2016-12-07 00:00:00,12284990287.5
2016-12-08 00:00:00,12312787200
2016-12-09 00:00:00,12354007766.625
2016-12-10 00:00:00,12395528462.5
2016-12-11 00:00:00,12322438123.5
2016-12-12 00:00:00,12460596315
2016-12-13 00:00:00,12503873910
2016-12-14 00:00:00,12425971506.25
2016-12-15 00:00:00,12472128285
2016-12-16 00:00:00,12573714999.375
2016-12-17 00:00:00,12694529298.375
2016-12-18 00:00:00,12685169466
2016-12-19 00:00:00,12697576937.5
2016-12-20 00:00:00,12756094676
2016-12-21 00:00:00,13266978907
2016-12-22 00:00:00,13815565559.25
2016-12-23 00:00:00,14503611550.5
2016-12-24 00:00:00,14365259143.75
2016-12-25 00:00:00,14372404881.25
2016-12-26 00:00:00,14514728615.25
2016-12-27 00:00:00,15007357451.625
2016-12-28 00:00:00,15706536997.5
2016-12-29 00:00:00,15554725246
2016-12-30 00:00:00,15333684493.5
2016-12-31 00:00:00,15485593574
2017-01-01 00:00:00,16144874870
2017-01-02 00:00:00,16441122593.75
2017-01-03 00:00:00,16604032593.75
2017-01-04 00:00:00,18278670450
2017-01-05 00:00:00,16020709800
2017-01-06 00:00:00,14246702550
2017-01-07 00:00:00,14507903240.25
2017-01-08 00:00:00,14753884196.25
2017-01-09 00:00:00,14483317500
2017-01-10 00:00:00,14668273763.5
2017-01-11 00:00:00,12637835230.875
2017-01-12 00:00:00,12943143563.625
2017-01-13 00:00:00,13333156411.5
2017-01-14 00:00:00,13128500736.25
2017-01-15 00:00:00,13217812515
2017-01-16 00:00:00,13370306561.25
2017-01-17 00:00:00,14562228011.625
2017-01-18 00:00:00,14128772648.25
2017-01-19 00:00:00,14500148590.125
2017-01-20 00:00:00,14465048400
2017-01-21 00:00:00,14894193301.25
2017-01-22 00:00:00,14797873125
2017-01-23 00:00:00,14863942325
2017-01-24 00:00:00,14334397638.75
2017-01-25 00:00:00,14391685218.75
2017-01-26 00:00:00,14770949263.25
2017-01-27 00:00:00,14801282964
2017-01-28 00:00:00,14818028460
2017-01-29 00:00:00,14735246803.125
2017-01-30 00:00:00,14820631418.25
2017-01-31 00:00:00,15554584256
2017-02-01 00:00:00,15815286256
2017-02-02 00:00:00,16260607102.5
2017-02-03 00:00:00,16352884325
2017-02-04 00:00:00,16666302847.5
2017-02-05 00:00:00,16350262337.5
2017-02-06 00:00:00,16511713437.5
2017-02-07 00:00:00,16965850756.25
2017-02-08 00:00:00,16925772491.250002
2017-02-09 00:00:00,15798807600
2017-02-10 00:00:00,16112416198.75
2017-02-11 00:00:00,16190090550
2017-02-12 00:00:00,16104421019.75
2017-02-13 00:00:00,16132310071.875
2017-02-14 00:00:00,16370570040
2017-02-15 00:00:00,16390111733.75
2017-02-16 00:00:00,16762256640
2017-02-17 00:00:00,17119935725
2017-02-18 00:00:00,17138105285
2017-02-19 00:00:00,17086510375
2017-02-20 00:00:00,17714421920
2017-02-21 00:00:00,18279247250
2017-02-22 00:00:00,18237515765
2017-02-23 00:00:00,19140851275
2017-02-24 00:00:00,19102806731.25
2017-02-25 00:00:00,18587381425
2017-02-26 00:00:00,19133795677.5
2017-02-27 00:00:00,19325323935
2017-02-28 00:00:00,19241800143.75
2017-03-01 00:00:00,19898087658.75
2017-03-02 00:00:00,20387931250
2017-03-03 00:00:00,20890752811.25
2017-03-04 00:00:00,20515484347.5
2017-03-05 00:00:00,20636065337.5
2017-03-06 00:00:00,20707990380
2017-03-07 00:00:00,20046119625
2017-03-08 00:00:00,18785978288.75
2017-03-09 00:00:00,19314832212.5
2017-03-10 00:00:00,17733596763.75
2017-03-11 00:00:00,19011381200
2017-03-12 00:00:00,19853444812.5
2017-03-13 00:00:00,20016183000
2017-03-14 00:00:00,20209938485
2017-03-15 00:00:00,20421359320
2017-03-16 00:00:00,19100245120
2017-03-17 00:00:00,17666903718.75
2017-03-18 00:00:00,15295539370
2017-03-19 00:00:00,16629604628.750002
2017-03-20 00:00:00,16908833575
2017-03-21 00:00:00,18168435468.75
2017-03-22 00:00:00,16558917210
2017-03-23 00:00:00,16770208989.999998
2017-03-24 00:00:00,15205794660
2017-03-25 00:00:00,15551246387.25
2017-03-26 00:00:00,15443296850.875
2017-03-27 00:00:00,16789415977.5
2017-03-28 00:00:00,16971709882.500002
2017-03-29 00:00:00,16879296264.999998
2017-03-30 00:00:00,16896048000
2017-03-31 00:00:00,17563966387.5
2017-04-01 00:00:00,17720120643.75
2017-04-02 00:00:00,17970922522.5
2017-04-03 00:00:00,18556863561.25
2017-04-04 00:00:00,18537515610
2017-04-05 00:00:00,18469918530
2017-04-06 00:00:00,19525598223.75
2017-04-07 00:00:00,19415828025
2017-04-08 00:00:00,19268254300
2017-04-09 00:00:00,19815481983.75
2017-04-10 00:00:00,19759160490
2017-04-11 00:00:00,20153773955
2017-04-12 00:00:00,20033943606.25
2017-04-13 00:00:00,19349213565
2017-04-14 00:00:00,19626308325
2017-04-15 00:00:00,19498363475
2017-04-16 00:00:00,19756107948.75
2017-04-17 00:00:00,20183091637.5
2017-04-18 00:00:00,20637969895
2017-04-19 00:00:00,20638607437.5
2017-04-20 00:00:00,21072337100
2017-04-21 00:00:00,21588070556.25
2017-04-22 00:00:00,21952078835
2017-04-23 00:00:00,22086609057.5
2017-04-24 00:00:00,20575227796.584686
2017-04-25 00:00:00,20846606998.605473
2017-04-26 00:00:00,21332959973.278126
2017-04-27 00:00:00,21926056741.283905
2017-04-28 00:00:00,21699183920.794643
2017-04-29 00:00:00,21762127405.33031
2017-04-30 00:00:00,22058522827.63125
2017-05-01 00:00:00,23107339286.35547
2017-05-02 00:00:00,23679316586.473595
2017-05-03 00:00:00,24586863671.325005
2017-05-04 00:00:00,24601696289.92031
2017-05-05 00:00:00,25012643352.80893
2017-05-06 00:00:00,25457585279.685
2017-05-07 00:00:00,25060400380.24821
2017-05-08 00:00:00,26773285640.515312
2017-05-09 00:00:00,28093005954.43714
2017-05-10 00:00:00,28775239681.5
2017-05-11 00:00:00,29726737675.149216
2017-05-12 00:00:00,28089241688.38125
2017-05-13 00:00:00,28932596583.104843
2017-05-14 00:00:00,29008025583.46875
2017-05-15 00:00:00,28143078402.152344
2017-05-16 00:00:00,28405717823.94469
2017-05-17 00:00:00,29527347103.759373
2017-05-18 00:00:00,31027073784.75844
2017-05-19 00:00:00,32051195727.737812
2017-05-20 00:00:00,33548728731.442036
2017-05-21 00:00:00,33448303438.292187
2017-05-22 00:00:00,34173338961.43125
2017-05-23 00:00:00,37399030237.9925
2017-05-24 00:00:00,38899164896.69583
2017-05-25 00:00:00,39035030222.50714
2017-05-26 00:00:00,36173950629.23572
2017-05-27 00:00:00,32941397092.733437
2017-05-28 00:00:00,35872423567.02
2017-05-29 00:00:00,37233600371.057495
2017-05-30 00:00:00,36637793849.62821
2017-05-31 00:00:00,37407051147.54536
2017-06-01 00:00:00,39266335456.46732
2017-06-02 00:00:00,40038367306.688034
2017-06-03 00:00:00,41347691234.02384
2017-06-04 00:00:00,41195730259.78571
2017-06-05 00:00:00,44183337149.245316
2017-06-06 00:00:00,47218046131.66005
2017-06-07 00:00:00,43647073231.34844
2017-06-08 00:00:00,45750548628.39453
2017-06-09 00:00:00,46320881411.2725
2017-06-10 00:00:00,46618837861.55357
2017-06-11 00:00:00,48532280870.3339
2017-06-12 00:00:00,43553314505.484375
2017-06-13 00:00:00,45041413814.62786
2017-06-14 00:00:00,40110100599.34766
2017-06-15 00:00:00,40040006172.293755
2017-06-16 00:00:00,40413077779.20965
2017-06-17 00:00:00,43712771805.8625
2017-06-18 00:00:00,41117798759.675896
2017-06-19 00:00:00,42923655055.5161
2017-06-20 00:00:00,45187876438.29063
2017-06-21 00:00:00,43815826861.04063
2017-06-22 00:00:00,44743205311.07188
2017-06-23 00:00:00,44471767180.92857
2017-06-24 00:00:00,42487095408.79781
2017-06-25 00:00:00,41230694351.48571
2017-06-26 00:00:00,39989166644.50357
2017-06-27 00:00:00,41330152143.23179
2017-06-28 00:00:00,42442320273.54893
2017-06-29 00:00:00,41774133240.188126
2017-06-30 00:00:00,40682623613.3625
2017-07-01 00:00:00,39972304954.08187
2017-07-02 00:00:00,41080316972.48857
2017-07-03 00:00:00,42071777410.52143
2017-07-04 00:00:00,42709239179.27016
2017-07-05 00:00:00,43033774511.861015
2017-07-06 00:00:00,42886924818.806244
2017-07-07 00:00:00,40939964795.358925
2017-07-08 00:00:00,42110891329.15047
2017-07-09 00:00:00,41689712862.03671
2017-07-10 00:00:00,38900014611.33214
2017-07-11 00:00:00,38965835960.22696
2017-07-12 00:00:00,39232323095.42857
2017-07-13 00:00:00,38727739418.65938
2017-07-14 00:00:00,36037038604.84167
2017-07-15 00:00:00,33869937133.654995
2017-07-16 00:00:00,31771903140.3825
2017-07-17 00:00:00,35813346629.51719
2017-07-18 00:00:00,38179206707.796875

